"","timestamp","location.x","price.x","last4ccnum","datestamp.x","loyaltynum.x","location.y","price.y","datestamp.y","loyaltynum.y"
"1",2014-01-06 07:34:00,"Hallowed Grounds",52.22,"7108",2014-01-06,"L6544","Hallowed Grounds",12.22,2014-01-06,"L6544"
"2",2014-01-06 07:42:00,"Coffee Cameleon",28.73,"7253",2014-01-06,"L1682","Coffee Cameleon",8.73,2014-01-06,"L1682"
"3",2014-01-06 07:52:00,"Brew've Been Served",32.83,"9405",2014-01-06,"L3259","Brew've Been Served",12.83,2014-01-06,"L3259"
"4",2014-01-06 07:54:00,"Hallowed Grounds",16.88,"7889",2014-01-06,"L6119",NA,NA,NA,NA
"5",2014-01-06 07:54:00,"Hallowed Grounds",32.93,"2681",2014-01-06,"L1107","Hallowed Grounds",12.93,2014-01-06,"L1107"
"6",2014-01-06 08:00:00,"Hallowed Grounds",9.69,"6691",2014-01-06,"L6267",NA,NA,NA,NA
"7",2014-01-06 08:14:00,"Coffee Cameleon",3.2,"2418",2014-01-06,"L9018",NA,NA,NA,NA
"8",2014-01-06 12:00:00,"Coffee Shack",51.51,"7117",2014-01-06,"L6417","Coffee Shack",11.51,2014-01-06,"L6417"
"9",2014-01-06 12:00:00,"Jack's Magical Beans",27.84,"8156",2014-01-06,"L5224","Jack's Magical Beans",7.84,2014-01-06,"L5224"
"10",2014-01-06 12:16:00,"Abila Airport",1873.79,"8642",2014-01-06,"L2769",NA,NA,NA,NA
"11",2014-01-06 12:56:00,"Katerina's Cafe",13.68,"8332",2014-01-06,"L2070",NA,NA,NA,NA
"12",2014-01-06 12:57:00,"Hippokampos",9.16,"8156",2014-01-06,"L5224",NA,NA,NA,NA
"13",2014-01-06 13:18:00,"Abila Zacharo",106.93,"2418",2014-01-06,"L9018","Abila Zacharo",26.93,2014-01-06,"L9018"
"14",2014-01-06 13:19:00,"Kalami Kafenion",70.1,"3484",2014-01-06,"L2490","Kalami Kafenion",30.1,2014-01-06,"L2490"
"15",2014-01-06 13:21:00,"Hippokampos",28.23,"9551",2014-01-06,"L5777",NA,NA,NA,NA
"16",2014-01-06 13:35:00,"Abila Zacharo",92.05,"7354",2014-01-06,"L9254","Abila Zacharo",12.05,2014-01-06,"L9254"
"17",2014-01-06 13:46:00,"Guy's Gyros",99.67,"2463",2014-01-06,"L6886","Guy's Gyros",19.67,2014-01-06,"L6886"
"18",2014-01-06 13:47:00,"Kalami Kafenion",22.13,"1321",2014-01-06,"L4149",NA,NA,NA,NA
"19",2014-01-06 13:53:00,"Katerina's Cafe",36.95,"2142",2014-01-06,"L9637",NA,NA,NA,NA
"20",2014-01-06 14:05:00,"Abila Zacharo",78.11,"7108",2014-01-06,"L6544","Abila Zacharo",18.11,2014-01-06,"L6544"
"21",2014-01-06 18:56:00,"Katerina's Cafe",78.65,"8411",2014-01-06,"L6110","Katerina's Cafe",38.65,2014-01-06,"L6110"
"22",2014-01-06 19:50:00,"Frydos Autosupply n' More",273.87,"9241",2014-01-06,"L3288","Frydos Autosupply n' More",253.87,2014-01-06,"L3288"
"23",2014-01-06 20:15:00,"Guy's Gyros",117.82,"6816",2014-01-06,"L8148","Guy's Gyros",37.82,2014-01-06,"L8148"
"24",2014-01-06 20:19:00,"Katerina's Cafe",21.66,"2418",2014-01-06,"L9018",NA,NA,NA,NA
"25",2014-01-06 20:28:00,"Guy's Gyros",95.29,"7108",2014-01-06,"L6544","Guy's Gyros",15.29,2014-01-06,"L6544"
"26",2014-01-06 20:29:00,"Hippokampos",85.5,"6895",2014-01-06,"L3366","Hippokampos",25.5,2014-01-06,"L3366"
"27",2014-01-06 20:47:00,"Frydos Autosupply n' More",149.3,"5407",2014-01-06,"L4034","Frydos Autosupply n' More",89.3,2014-01-06,"L4034"
"28",2014-01-06 21:03:00,"Katerina's Cafe",10.72,"9617",2014-01-06,"L5553",NA,NA,NA,NA
"29",2014-01-06 21:11:00,"Hippokampos",28.14,"8156",2014-01-06,"L5224",NA,NA,NA,NA
"30",2014-01-06 21:32:00,"Frydos Autosupply n' More",314.98,"1310",2014-01-06,"L8012","Frydos Autosupply n' More",274.98,2014-01-06,"L8012"
"31",2014-01-07 07:33:00,"Brew've Been Served",7.09,"4795",2014-01-07,"L8566",NA,NA,NA,NA
"32",2014-01-07 07:41:00,"Hallowed Grounds",19.59,"1874",2014-01-07,"L4424",NA,NA,NA,NA
"33",2014-01-07 07:45:00,"Brew've Been Served",19.6,"6816",2014-01-07,"L8148",NA,NA,NA,NA
"34",2014-01-07 07:46:00,"Hallowed Grounds",84.44,"9551",2014-01-07,"L5777","Hallowed Grounds",4.44,2014-01-07,"L5777"
"35",2014-01-07 07:49:00,"Coffee Cameleon",27.66,"7253",2014-01-07,"L1682","Coffee Cameleon",7.66,2014-01-07,"L1682"
"36",2014-01-07 07:55:00,"Brew've Been Served",69.06,"3484",2014-01-07,"L2490","Brew've Been Served",9.06,2014-01-07,"L2490"
"37",2014-01-07 07:56:00,"Brew've Been Served",98.53,"9683",2014-01-07,"L7291","Brew've Been Served",18.53,2014-01-07,"L7291"
"38",2014-01-07 08:01:00,"Coffee Cameleon",52.44,"2418",2014-01-07,"L9018","Coffee Cameleon",12.44,2014-01-07,"L9018"
"39",2014-01-07 08:01:00,"Hallowed Grounds",68.42,"2681",2014-01-07,"L1107","Hallowed Grounds",8.42,2014-01-07,"L1107"
"40",2014-01-07 08:06:00,"Brew've Been Served",3.03,"7819",2014-01-07,"L5259",NA,NA,NA,NA
"41",2014-01-07 08:18:00,"Brew've Been Served",47.74,"6901",2014-01-07,"L9363","Brew've Been Served",7.74,2014-01-07,"L9363"
"42",2014-01-07 11:31:00,"Stewart and Sons Fabrication",1843.33,"9735",2014-01-07,"L9633","Stewart and Sons Fabrication",1783.33,2014-01-07,"L9633"
"43",2014-01-07 12:00:00,"Bean There Done That",51.25,"1415",2014-01-07,"L7783","Bean There Done That",11.25,2014-01-07,"L7783"
"44",2014-01-07 12:00:00,"Brewed Awakenings",12.17,"7688",2014-01-07,"L4164",NA,NA,NA,NA
"45",2014-01-07 12:00:00,"Jack's Magical Beans",23.68,"6899",2014-01-07,"L6267","Jack's Magical Beans",3.68,2014-01-07,"L6267"
"46",2014-01-07 12:00:00,"Brewed Awakenings",64.84,"3853",2014-01-07,"L1485","Brewed Awakenings",4.84,2014-01-07,"L1485"
"47",2014-01-07 12:00:00,"Brewed Awakenings",71.59,"2540",2014-01-07,"L5947","Brewed Awakenings",11.59,2014-01-07,"L5947"
"48",2014-01-07 12:00:00,"Bean There Done That",53.89,"1877",2014-01-07,"L3014","Bean There Done That",13.89,2014-01-07,"L3014"
"49",2014-01-07 12:00:00,"Bean There Done That",46.25,"6895",2014-01-07,"L3366","Bean There Done That",6.25,2014-01-07,"L3366"
"50",2014-01-07 12:00:00,"Jack's Magical Beans",69.84,"2463",2014-01-07,"L6886","Jack's Magical Beans",9.84,2014-01-07,"L6886"
"51",2014-01-07 12:02:00,"Nationwide Refinery",1071.04,"3506",2014-01-07,"L7761",NA,NA,NA,NA
"52",2014-01-07 13:08:00,"Katerina's Cafe",59.07,"7792",2014-01-07,"L5756","Katerina's Cafe",19.07,2014-01-07,"L5756"
"53",2014-01-07 13:25:00,"Abila Zacharo",82.25,"6899",2014-01-07,"L6267","Abila Zacharo",22.25,2014-01-07,"L6267"
"54",2014-01-07 13:30:00,"Gelatogalore",51.64,"1310",2014-01-07,"L8012",NA,NA,NA,NA
"55",2014-01-07 13:33:00,"Abila Zacharo",52.72,"7688",2014-01-07,"L4164","Abila Zacharo",12.72,2014-01-07,"L4164"
"56",2014-01-07 13:34:00,"Ouzeri Elian",64.84,"6895",2014-01-07,"L3366","Ouzeri Elian",24.84,2014-01-07,"L3366"
"57",2014-01-07 13:41:00,"Katerina's Cafe",51.41,"3484",2014-01-07,"L2490","Katerina's Cafe",31.41,2014-01-07,"L2490"
"58",2014-01-07 13:42:00,"Ouzeri Elian",97.71,"5368",2014-01-07,"L2247","Ouzeri Elian",17.71,2014-01-07,"L2247"
"59",2014-01-07 13:52:00,"Gelatogalore",71.77,"1874",2014-01-07,"L4424","Gelatogalore",31.77,2014-01-07,"L4424"
"60",2014-01-07 13:53:00,"Hippokampos",51.69,"3853",2014-01-07,"L1485","Hippokampos",31.69,2014-01-07,"L1485"
"61",2014-01-07 13:54:00,"Gelatogalore",88.97,"5921",2014-01-07,"L3295","Gelatogalore",8.97,2014-01-07,"L3295"
"62",2014-01-07 13:55:00,"Abila Zacharo",65.9,"7819",2014-01-07,"L5259","Abila Zacharo",25.9,2014-01-07,"L5259"
"63",2014-01-07 13:56:00,"Ouzeri Elian",16.2,"1321",2014-01-07,"L4149",NA,NA,NA,NA
"64",2014-01-07 14:00:00,"Hippokampos",76.11,"3492",2014-01-07,"L7814","Hippokampos",16.11,2014-01-07,"L7814"
"65",2014-01-07 14:09:00,"Ouzeri Elian",59.51,"6901",2014-01-07,"L9363","Ouzeri Elian",19.51,2014-01-07,"L9363"
"66",2014-01-07 14:34:00,"Carlyle Chemical Inc.",4803.13,"7792",2014-01-07,"L5756","Carlyle Chemical Inc.",3827.2,2014-01-07,"L5756"
"67",2014-01-07 15:03:00,"Stewart and Sons Fabrication",962.2,"2276",2014-01-07,"L3317",NA,NA,NA,NA
"68",2014-01-07 20:04:00,"Albert's Fine Clothing",308.36,"6895",2014-01-07,"L3366","Albert's Fine Clothing",228.36,2014-01-07,"L3366"
"69",2014-01-07 20:10:00,"Guy's Gyros",42.25,"7384",2014-01-07,"L3800","Guy's Gyros",22.25,2014-01-07,"L3800"
"70",2014-01-07 20:10:00,"Guy's Gyros",26.82,"4795",2014-01-07,"L8566",NA,NA,NA,NA
"71",2014-01-07 20:11:00,"Guy's Gyros",76.71,"9683",2014-01-07,"L7291",NA,NA,NA,NA
"72",2014-01-07 20:12:00,"Katerina's Cafe",55.63,"1874",2014-01-07,"L4424",NA,NA,NA,NA
"73",2014-01-07 20:13:00,"Katerina's Cafe",94.75,"7889",2014-01-07,"L6119","Katerina's Cafe",14.75,2014-01-07,"L6119"
"74",2014-01-07 20:13:00,"Katerina's Cafe",65.02,"8202",2014-01-07,"L2343","Katerina's Cafe",25.02,2014-01-07,"L2343"
"75",2014-01-07 20:14:00,"Guy's Gyros",62.33,"3853",2014-01-07,"L1485","Guy's Gyros",22.33,2014-01-07,"L1485"
"76",2014-01-07 20:19:00,"Guy's Gyros",89.76,"7354",2014-01-07,"L9254","Guy's Gyros",9.76,2014-01-07,"L9254"
"77",2014-01-07 20:20:00,"Frydos Autosupply n' More",312.73,"6901",2014-01-07,"L9363","Frydos Autosupply n' More",272.73,2014-01-07,"L9363"
"78",2014-01-07 20:34:00,"Hippokampos",70.19,"1321",2014-01-07,"L4149","Hippokampos",10.19,2014-01-07,"L4149"
"79",2014-01-07 20:51:00,"Hippokampos",32.99,"8156",2014-01-07,"L5224",NA,NA,NA,NA
"80",2014-01-07 21:21:00,"Hippokampos",35.85,"7688",2014-01-07,"L4164","Hippokampos",15.85,2014-01-07,"L4164"
"81",2014-01-08 07:39:00,"Hallowed Grounds",12.19,"7108",2014-01-08,"L6544",NA,NA,NA,NA
"82",2014-01-08 07:39:00,"Hallowed Grounds",8.28,"1310",2014-01-08,"L8012",NA,NA,NA,NA
"83",2014-01-08 07:48:00,"Brew've Been Served",32.92,"3853",2014-01-08,"L1485","Brew've Been Served",12.92,2014-01-08,"L1485"
"84",2014-01-08 07:50:00,"Brew've Been Served",33.68,"9405",2014-01-08,"L3259","Brew've Been Served",13.68,2014-01-08,"L3259"
"85",2014-01-08 07:55:00,"Hallowed Grounds",79.92,"7889",2014-01-08,"L6119","Hallowed Grounds",19.92,2014-01-08,"L6119"
"86",2014-01-08 07:55:00,"Brew've Been Served",91.87,"3484",2014-01-08,"L2490","Brew've Been Served",11.87,2014-01-08,"L2490"
"87",2014-01-08 07:56:00,"Hallowed Grounds",12.86,"9551",2014-01-08,"L5777",NA,NA,NA,NA
"88",2014-01-08 07:57:00,"Brew've Been Served",74.88,"5368",2014-01-08,"L2247","Brew've Been Served",14.88,2014-01-08,"L2247"
"89",2014-01-08 08:00:00,"Brew've Been Served",32.3,"4795",2014-01-08,"L8566","Brew've Been Served",12.3,2014-01-08,"L8566"
"90",2014-01-08 09:43:00,"Carlyle Chemical Inc.",3048.31,"7792",2014-01-08,"L5756",NA,NA,NA,NA
"91",2014-01-08 12:00:00,"Bean There Done That",8.06,"1877",2014-01-08,"L3014",NA,NA,NA,NA
"92",2014-01-08 12:00:00,"Brewed Awakenings",15.03,"8332",2014-01-08,"L2070",NA,NA,NA,NA
"93",2014-01-08 12:00:00,"Bean There Done That",94.96,"1321",2014-01-08,"L4149","Bean There Done That",14.96,2014-01-08,"L4149"
"94",2014-01-08 12:00:00,"Jack's Magical Beans",31.25,"2463",2014-01-08,"L6886","Jack's Magical Beans",11.25,2014-01-08,"L6886"
"95",2014-01-08 13:21:00,"Ouzeri Elian",109.73,"8156",2014-01-08,"L5224","Ouzeri Elian",29.73,2014-01-08,"L5224"
"96",2014-01-08 13:34:00,"Katerina's Cafe",88.98,"1310",2014-01-08,"L8012",NA,NA,NA,NA
"97",2014-01-08 13:39:00,"Gelatogalore",119.75,"3484",2014-01-08,"L2490","Gelatogalore",39.75,2014-01-08,"L2490"
"98",2014-01-08 13:40:00,"Guy's Gyros",77.9,"3853",2014-01-08,"L1485","Guy's Gyros",17.9,2014-01-08,"L1485"
"99",2014-01-08 13:42:00,"Katerina's Cafe",57.04,"6895",2014-01-08,"L3366","Katerina's Cafe",37.04,2014-01-08,"L3366"
"100",2014-01-08 13:47:00,"Katerina's Cafe",27.05,"1877",2014-01-08,"L3014",NA,NA,NA,NA
"101",2014-01-08 13:47:00,"Ouzeri Elian",104.92,"5368",2014-01-08,"L2247","Ouzeri Elian",24.92,2014-01-08,"L2247"
"102",2014-01-08 13:48:00,"Gelatogalore",116.72,"7819",2014-01-08,"L5259","Gelatogalore",36.72,2014-01-08,"L5259"
"103",2014-01-08 14:06:00,"Katerina's Cafe",22.94,"7108",2014-01-08,"L6544",NA,NA,NA,NA
"104",2014-01-08 20:08:00,"Guy's Gyros",33.02,"5368",2014-01-08,"L2247",NA,NA,NA,NA
"105",2014-01-08 20:15:00,"Guy's Gyros",99.08,"3484",2014-01-08,"L2490","Guy's Gyros",19.08,2014-01-08,"L2490"
"106",2014-01-08 20:28:00,"Hippokampos",96.75,"7117",2014-01-08,"L6417","Hippokampos",16.75,2014-01-08,"L6417"
"107",2014-01-08 20:42:00,"Katerina's Cafe",92.83,"5921",2014-01-08,"L3295","Katerina's Cafe",32.83,2014-01-08,"L3295"
"108",2014-01-08 20:57:00,"Guy's Gyros",10.28,"6901",2014-01-08,"L9363",NA,NA,NA,NA
"109",2014-01-08 20:58:00,"Guy's Gyros",22.91,"7819",2014-01-08,"L5259",NA,NA,NA,NA
"110",2014-01-08 21:02:00,"Katerina's Cafe",28.86,"4948",2014-01-08,"L9406",NA,NA,NA,NA
"111",2014-01-08 21:16:00,"Ouzeri Elian",30.81,"9551",2014-01-08,"L5777","Ouzeri Elian",10.81,2014-01-08,"L5777"
"112",2014-01-08 21:32:00,"Hippokampos",78.99,"2463",2014-01-08,"L6886","Hippokampos",18.99,2014-01-08,"L6886"
"113",2014-01-09 07:35:00,"Coffee Cameleon",12.47,"7253",2014-01-09,"L1682",NA,NA,NA,NA
"114",2014-01-09 07:36:00,"Brew've Been Served",70.71,"9683",2014-01-09,"L7291","Brew've Been Served",10.71,2014-01-09,"L7291"
"115",2014-01-09 07:42:00,"Hallowed Grounds",56.77,"7108",2014-01-09,"L6544","Hallowed Grounds",16.77,2014-01-09,"L6544"
"116",2014-01-09 07:43:00,"Brew've Been Served",5.43,"5368",2014-01-09,"L2247",NA,NA,NA,NA
"117",2014-01-09 07:46:00,"Hallowed Grounds",75.24,"8129",2014-01-09,"L8328","Hallowed Grounds",15.24,2014-01-09,"L8328"
"118",2014-01-09 07:46:00,"Brew've Been Served",4.4,"4948",2014-01-09,"L9406",NA,NA,NA,NA
"119",2014-01-09 07:48:00,"Brew've Been Served",34.85,"7354",2014-01-09,"L9254","Brew've Been Served",14.85,2014-01-09,"L9254"
"120",2014-01-09 07:50:00,"Hallowed Grounds",34.45,"9551",2014-01-09,"L5777","Hallowed Grounds",14.45,2014-01-09,"L5777"
"121",2014-01-09 07:51:00,"Hallowed Grounds",19.22,"7889",2014-01-09,"L6119",NA,NA,NA,NA
"122",2014-01-09 07:56:00,"Brew've Been Served",98.25,"8202",2014-01-09,"L2343","Brew've Been Served",18.25,2014-01-09,"L2343"
"123",2014-01-09 07:57:00,"Brew've Been Served",5.26,"8411",2014-01-09,"L6110",NA,NA,NA,NA
"124",2014-01-09 07:57:00,"Hallowed Grounds",50.25,"9405",2014-01-09,"L3259","Hallowed Grounds",10.25,2014-01-09,"L3259"
"125",2014-01-09 08:00:00,"Brew've Been Served",6.61,"7819",2014-01-09,"L5259",NA,NA,NA,NA
"126",2014-01-09 08:01:00,"Brew've Been Served",92.12,"3484",2014-01-09,"L2490","Brew've Been Served",12.12,2014-01-09,"L2490"
"127",2014-01-09 08:07:00,"Hallowed Grounds",65.68,"3492",2014-01-09,"L7814",NA,NA,NA,NA
"128",2014-01-09 08:15:00,"Brew've Been Served",5.57,"5407",2014-01-09,"L4034",NA,NA,NA,NA
"129",2014-01-09 12:00:00,"Brewed Awakenings",11.76,"7688",2014-01-09,"L4164",NA,NA,NA,NA
"130",2014-01-09 12:00:00,"Bean There Done That",15.53,"1321",2014-01-09,"L4149",NA,NA,NA,NA
"131",2014-01-09 12:00:00,"Jack's Magical Beans",12.13,"9241",2014-01-09,"L3288",NA,NA,NA,NA
"132",2014-01-09 12:00:00,"Jack's Magical Beans",15.55,"8156",2014-01-09,"L5224",NA,NA,NA,NA
"133",2014-01-09 12:00:00,"Jack's Magical Beans",37.43,"2463",2014-01-09,"L6886","Jack's Magical Beans",17.43,2014-01-09,"L6886"
"134",2014-01-09 12:13:00,"Abila Airport",202.93,"8642",2014-01-09,"L2769","Abila Airport",182.93,2014-01-09,"L2769"
"135",2014-01-09 12:49:00,"Nationwide Refinery",1440.39,"3506",2014-01-09,"L7761","Nationwide Refinery",1420.39,2014-01-09,"L7761"
"136",2014-01-09 12:59:00,"Ouzeri Elian",31.03,"8332",2014-01-09,"L2070",NA,NA,NA,NA
"137",2014-01-09 13:21:00,"Guy's Gyros",105.4,"7354",2014-01-09,"L9254","Guy's Gyros",25.4,2014-01-09,"L9254"
"138",2014-01-09 13:23:00,"Gelatogalore",56.74,"2540",2014-01-09,"L5947","Gelatogalore",16.74,2014-01-09,"L5947"
"139",2014-01-09 13:27:00,"Kalami Kafenion",110.76,"6895",2014-01-09,"L3366","Kalami Kafenion",30.76,2014-01-09,"L3366"
"140",2014-01-09 13:41:00,"Abila Zacharo",89.41,"9551",2014-01-09,"L5777","Abila Zacharo",29.41,2014-01-09,"L5777"
"141",2014-01-09 13:41:00,"Hippokampos",39.22,"5368",2014-01-09,"L2247","Hippokampos",19.22,2014-01-09,"L2247"
"142",2014-01-09 13:43:00,"Guy's Gyros",74.91,"1415",2014-01-09,"L7783","Guy's Gyros",14.91,2014-01-09,"L7783"
"143",2014-01-09 13:53:00,"Hippokampos",16.65,"2142",2014-01-09,"L9637",NA,NA,NA,NA
"144",2014-01-09 13:56:00,"Hippokampos",65.7,"4434",2014-01-09,"L2169","Hippokampos",25.7,2014-01-09,"L2169"
"145",2014-01-09 13:56:00,"Guy's Gyros",8.87,"6901",2014-01-09,"L9363",NA,NA,NA,NA
"146",2014-01-09 19:42:00,"Ouzeri Elian",27.08,"6899",2014-01-09,"L6267",NA,NA,NA,NA
"147",2014-01-09 19:43:00,"Ouzeri Elian",31.07,"9241",2014-01-09,"L3288",NA,NA,NA,NA
"148",2014-01-09 20:09:00,"Katerina's Cafe",90.97,"6691",2014-01-09,"L6267","Katerina's Cafe",30.97,2014-01-09,"L6267"
"149",2014-01-09 20:15:00,"Hippokampos",70.68,"1877",2014-01-09,"L3014",NA,NA,NA,NA
"150",2014-01-09 20:20:00,"Katerina's Cafe",91.14,"9405",2014-01-09,"L3259",NA,NA,NA,NA
"151",2014-01-09 20:20:00,"Frydos Autosupply n' More",31.24,"6901",2014-01-09,"L9363",NA,NA,NA,NA
"152",2014-01-09 20:21:00,"Frydos Autosupply n' More",120.65,"1321",2014-01-09,"L4149","Frydos Autosupply n' More",60.65,2014-01-09,"L4149"
"153",2014-01-09 20:27:00,"Katerina's Cafe",53.78,"5407",2014-01-09,"L4034","Katerina's Cafe",13.78,2014-01-09,"L4034"
"154",2014-01-09 20:29:00,"Guy's Gyros",23.34,"7253",2014-01-09,"L1682",NA,NA,NA,NA
"155",2014-01-09 20:38:00,"Katerina's Cafe",30.69,"2418",2014-01-09,"L9018",NA,NA,NA,NA
"156",2014-01-10 07:45:00,"Hallowed Grounds",11.38,"3492",2014-01-10,"L7814",NA,NA,NA,NA
"157",2014-01-10 07:47:00,"Brew've Been Served",44.88,"4948",2014-01-10,"L9406","Brew've Been Served",4.88,2014-01-10,"L9406"
"158",2014-01-10 07:49:00,"Brew've Been Served",89.93,"9683",2014-01-10,"L7291",NA,NA,NA,NA
"159",2014-01-10 07:51:00,"Brew've Been Served",12.77,"5407",2014-01-10,"L4034",NA,NA,NA,NA
"160",2014-01-10 07:54:00,"Brew've Been Served",83.44,"7384",2014-01-10,"L3800","Brew've Been Served",3.44,2014-01-10,"L3800"
"161",2014-01-10 07:55:00,"Brew've Been Served",85.91,"5368",2014-01-10,"L2247","Brew've Been Served",5.91,2014-01-10,"L2247"
"162",2014-01-10 07:56:00,"Brew've Been Served",97.25,"4795",2014-01-10,"L8566","Brew've Been Served",17.25,2014-01-10,"L8566"
"163",2014-01-10 07:56:00,"Brew've Been Served",90.72,"7354",2014-01-10,"L9254","Brew've Been Served",10.72,2014-01-10,"L9254"
"164",2014-01-10 07:59:00,"Abila Airport",4039.36,"9614",2014-01-10,"L5924",NA,NA,NA,NA
"165",2014-01-10 08:11:00,"Coffee Cameleon",13.25,"2142",2014-01-10,"L9637",NA,NA,NA,NA
"166",2014-01-10 08:17:00,"Brew've Been Served",8.47,"8202",2014-01-10,"L2343",NA,NA,NA,NA
"167",2014-01-10 09:30:00,"Kronos Mart",203.91,"7688",2014-01-10,"L4164",NA,NA,NA,NA
"168",2014-01-10 10:40:00,"Nationwide Refinery",2302.73,"9614",2014-01-10,"L5924","Nationwide Refinery",2262.73,2014-01-10,"L5924"
"169",2014-01-10 12:00:00,"Jack's Magical Beans",8.22,"2463",2014-01-10,"L6886",NA,NA,NA,NA
"170",2014-01-10 13:08:00,"Chostus Hotel",133.25,"9683",2014-01-10,"L7291","Chostus Hotel",113.25,2014-01-10,"L7291"
"171",2014-01-10 13:11:00,"Chostus Hotel",197.41,"2540",2014-01-10,"L5947",NA,NA,NA,NA
"172",2014-01-10 13:16:00,"Ouzeri Elian",30.71,"9551",2014-01-10,"L5777",NA,NA,NA,NA
"173",2014-01-10 13:20:00,"Hippokampos",79.26,"4795",2014-01-10,"L8566","Hippokampos",39.26,2014-01-10,"L8566"
"174",2014-01-10 13:29:00,"Abila Zacharo",113.33,"6899",2014-01-10,"L6267","Abila Zacharo",33.33,2014-01-10,"L6267"
"175",2014-01-10 14:07:00,"Hippokampos",11.61,"7117",2014-01-10,"L6417",NA,NA,NA,NA
"176",2014-01-10 14:08:00,"Katerina's Cafe",77.62,"7108",2014-01-10,"L6544","Katerina's Cafe",37.62,2014-01-10,"L6544"
"177",2014-01-10 14:20:00,"Hippokampos",10.16,"4948",2014-01-10,"L9406",NA,NA,NA,NA
"178",2014-01-10 18:57:00,"Frydos Autosupply n' More",98.39,"7889",2014-01-10,"L6119",NA,NA,NA,NA
"179",2014-01-10 19:46:00,"Hippokampos",48.22,"1415",2014-01-10,"L7783","Hippokampos",28.22,2014-01-10,"L7783"
"180",2014-01-10 19:50:00,"Katerina's Cafe",19.57,"8129",2014-01-10,"L8328",NA,NA,NA,NA
"181",2014-01-10 20:09:00,"Hippokampos",70.48,"7688",2014-01-10,"L4164","Hippokampos",10.48,2014-01-10,"L4164"
"182",2014-01-10 20:15:00,"Frydos Autosupply n' More",237.08,"7384",2014-01-10,"L3800","Frydos Autosupply n' More",217.08,2014-01-10,"L3800"
"183",2014-01-10 20:20:00,"Guy's Gyros",35.54,"7108",2014-01-10,"L6544",NA,NA,NA,NA
"184",2014-01-10 20:23:00,"Guy's Gyros",37.37,"3853",2014-01-10,"L1485",NA,NA,NA,NA
"185",2014-01-10 21:11:00,"Roberts and Sons",241.2,"7354",2014-01-10,"L9254",NA,NA,NA,NA
"186",2014-01-10 21:17:00,"Hippokampos",27,"8156",2014-01-10,"L5224",NA,NA,NA,NA
"187",2014-01-10 22:21:00,"Hippokampos",79.97,"2463",2014-01-10,"L6886","Hippokampos",39.97,2014-01-10,"L6886"
"188",2014-01-11 13:36:00,"Hippokampos",103.38,"4434",2014-01-11,"L2169","Hippokampos",23.38,2014-01-11,"L2169"
"189",2014-01-11 13:37:00,"Hippokampos",75.62,"9551",2014-01-11,"L5777",NA,NA,NA,NA
"190",2014-01-11 13:37:00,"Hippokampos",82.23,"6691",2014-01-11,"L6267","Hippokampos",22.23,2014-01-11,"L6267"
"191",2014-01-11 13:40:00,"Ouzeri Elian",19.11,"8129",2014-01-11,"L8328",NA,NA,NA,NA
"192",2014-01-11 13:47:00,"Hippokampos",31.1,"7688",2014-01-11,"L4164","Hippokampos",20.87,2014-01-11,"L4164"
"193",2014-01-11 13:51:00,"Abila Zacharo",32.02,"7253",2014-01-11,"L1682",NA,NA,NA,NA
"194",2014-01-11 13:59:00,"Gelatogalore",18.74,"3853",2014-01-11,"L1485",NA,NA,NA,NA
"195",2014-01-11 15:15:00,"Shoppers' Delight",157.45,"9617",2014-01-11,"L5553",NA,NA,NA,NA
"196",2014-01-11 16:00:00,"Roberts and Sons",256.24,"1310",2014-01-11,"L8012",NA,NA,NA,NA
"197",2014-01-11 17:16:00,"Ahaggo Museum",52.14,"9683",2014-01-11,"L7291","Ahaggo Museum",32.14,2014-01-11,"L7291"
"198",2014-01-11 19:33:00,"Hippokampos",11.13,"1877",2014-01-11,"L3014",NA,NA,NA,NA
"199",2014-01-11 19:34:00,"Guy's Gyros",55.36,"6816",2014-01-11,"L8148",NA,NA,NA,NA
"200",2014-01-11 19:44:00,"Shoppers' Delight",149.2,"9551",2014-01-11,"L5777",NA,NA,NA,NA
"201",2014-01-11 19:52:00,"Katerina's Cafe",15.72,"8411",2014-01-11,"L6110",NA,NA,NA,NA
"202",2014-01-11 20:04:00,"Ouzeri Elian",16.69,"2681",2014-01-11,"L1107",NA,NA,NA,NA
"203",2014-01-11 20:13:00,"Frydos Autosupply n' More",211.15,"5407",2014-01-11,"L4034",NA,NA,NA,NA
"204",2014-01-11 20:30:00,"Kalami Kafenion",46.78,"7108",2014-01-11,"L6544",NA,NA,NA,NA
"205",2014-01-11 20:46:00,"Katerina's Cafe",57.6,"1874",2014-01-11,"L4424","Katerina's Cafe",17.6,2014-01-11,"L4424"
"206",2014-01-12 03:39:00,"Kronos Mart",277.26,"8156",2014-01-12,"L5224",NA,NA,NA,NA
"207",2014-01-12 13:40:00,"Gelatogalore",20.09,"1286",2014-01-12,NA,NA,NA,NA,NA
"208",2014-01-12 13:52:00,"Kalami Kafenion",54.36,"2540",2014-01-12,"L5947","Kalami Kafenion",26.04,2014-01-12,"L5947"
"209",2014-01-12 14:06:00,"Hippokampos",71.99,"9551",2014-01-12,"L5777","Hippokampos",31.99,2014-01-12,"L5777"
"210",2014-01-12 14:13:00,"Desafio Golf Course",220.77,"7688",2014-01-12,"L4164","Desafio Golf Course",160.77,2014-01-12,"L4164"
"211",2014-01-12 19:36:00,"Guy's Gyros",12.32,"7354",2014-01-12,"L9254",NA,NA,NA,NA
"212",2014-01-12 19:47:00,"Katerina's Cafe",17.36,"3492",2014-01-12,"L7814",NA,NA,NA,NA
"213",2014-01-12 20:13:00,"Katerina's Cafe",39.55,"2142",2014-01-12,"L9637",NA,NA,NA,NA
"214",2014-01-12 20:15:00,"Hippokampos",69.41,"2540",2014-01-12,"L5947","Hippokampos",29.41,2014-01-12,"L5947"
"215",2014-01-12 20:48:00,"Katerina's Cafe",87.09,"1874",2014-01-12,"L4424","Katerina's Cafe",27.09,2014-01-12,"L4424"
"216",2014-01-13 03:00:00,"Kronos Mart",147.3,"5407",2014-01-13,"L4034",NA,NA,NA,NA
"217",2014-01-13 06:04:00,"Daily Dealz",2.01,"9551",2014-01-13,"L5777",NA,NA,NA,NA
"218",2014-01-13 07:36:00,"Brew've Been Served",16.39,"5368",2014-01-13,"L2247",NA,NA,NA,NA
"219",2014-01-13 07:42:00,"Hallowed Grounds",3.02,"1310",2014-01-13,"L8012",NA,NA,NA,NA
"220",2014-01-13 07:43:00,"Brew've Been Served",24.18,"6816",2014-01-13,"L8148","Brew've Been Served",4.18,2014-01-13,"L8148"
"221",2014-01-13 07:55:00,"Brew've Been Served",6.08,"5407",2014-01-13,"L4034",NA,NA,NA,NA
"222",2014-01-13 07:57:00,"Brew've Been Served",78.23,"3484",2014-01-13,"L2490","Brew've Been Served",18.23,2014-01-13,"L2490"
"223",2014-01-13 08:01:00,"Kronos Mart",159.06,"6816",2014-01-13,"L8148",NA,NA,NA,NA
"224",2014-01-13 08:06:00,"Hallowed Grounds",55.96,"2681",2014-01-13,"L1107","Hallowed Grounds",15.96,2014-01-13,"L1107"
"225",2014-01-13 08:21:00,"Brew've Been Served",13.19,"6901",2014-01-13,"L9363",NA,NA,NA,NA
"226",2014-01-13 08:58:00,"Kronos Pipe and Irrigation",2892.74,"9220",2014-01-13,"L4063","Kronos Pipe and Irrigation",2852.74,2014-01-13,"L4063"
"227",2014-01-13 12:00:00,"Bean There Done That",98.02,"9635",2014-01-13,"L3191","Bean There Done That",18.02,2014-01-13,"L3191"
"228",2014-01-13 12:00:00,"Brewed Awakenings",56.4,"2540",2014-01-13,"L5947","Brewed Awakenings",16.4,2014-01-13,"L5947"
"229",2014-01-13 13:18:00,"U-Pump",55.25,"9551",2014-01-13,"L5777",NA,NA,NA,NA
"230",2014-01-13 13:19:00,"Gelatogalore",46.45,"8332",2014-01-13,"L2070","Gelatogalore",26.45,2014-01-13,"L2070"
"231",2014-01-13 13:20:00,"Abila Zacharo",79.95,"6816",2014-01-13,"L8148","Abila Zacharo",39.95,2014-01-13,"L8148"
"232",2014-01-13 13:34:00,"Hippokampos",59.9,"7354",2014-01-13,"L9254","Hippokampos",39.9,2014-01-13,"L9254"
"233",2014-01-13 13:36:00,"Katerina's Cafe",17.21,"9405",2014-01-13,"L3259",NA,NA,NA,NA
"234",2014-01-13 13:37:00,"Ouzeri Elian",95.03,"4795",2014-01-13,"L8566","Ouzeri Elian",35.03,2014-01-13,"L8566"
"235",2014-01-13 13:48:00,"Abila Zacharo",116.32,"3853",2014-01-13,"L1485","Abila Zacharo",36.32,2014-01-13,"L1485"
"236",2014-01-13 13:50:00,"Hippokampos",91.97,"7384",2014-01-13,"L3800","Hippokampos",31.97,2014-01-13,"L3800"
"237",2014-01-13 14:01:00,"Gelatogalore",117.17,"2681",2014-01-13,"L1107","Gelatogalore",37.17,2014-01-13,"L1107"
"238",2014-01-13 14:33:00,"Guy's Gyros",116.87,"8129",2014-01-13,"L8328","Guy's Gyros",36.87,2014-01-13,"L8328"
"239",2014-01-13 19:20:00,"Frydos Autosupply n' More",10000,"9551",2014-01-13,"L5777",NA,NA,NA,NA
"240",2014-01-13 19:50:00,"Katerina's Cafe",89.83,"3547",2014-01-13,"L9362","Katerina's Cafe",29.83,2014-01-13,"L9362"
"241",2014-01-13 19:59:00,"Katerina's Cafe",30.84,"6691",2014-01-13,"L6267",NA,NA,NA,NA
"242",2014-01-13 20:33:00,"Katerina's Cafe",91.36,"1310",2014-01-13,"L8012","Katerina's Cafe",11.36,2014-01-13,"L8012"
"243",2014-01-13 20:42:00,"Guy's Gyros",88.57,"1286",2014-01-13,NA,NA,NA,NA,NA
"244",2014-01-13 20:44:00,"Katerina's Cafe",93.57,"5407",2014-01-13,"L4034","Katerina's Cafe",33.57,2014-01-13,"L4034"
"245",2014-01-13 20:44:00,"Guy's Gyros",15.55,"9683",2014-01-13,"L7291",NA,NA,NA,NA
"246",2014-01-13 20:47:00,"Katerina's Cafe",22.24,"7253",2014-01-13,"L1682",NA,NA,NA,NA
"247",2014-01-13 20:51:00,"Katerina's Cafe",55.82,"7889",2014-01-13,"L6119","Katerina's Cafe",37.88,2014-01-13,"L6119"
"248",2014-01-13 20:51:00,"Katerina's Cafe",55.82,"7889",2014-01-13,"L6119","Katerina's Cafe",15.82,2014-01-13,"L6119"
"249",2014-01-13 21:27:00,"Hippokampos",99.63,"8156",2014-01-13,"L5224","Hippokampos",39.63,2014-01-13,"L5224"
"250",2014-01-14 07:54:00,"Hallowed Grounds",50.21,"9617",2014-01-14,"L5553","Hallowed Grounds",10.21,2014-01-14,"L5553"
"251",2014-01-14 08:12:00,"Hallowed Grounds",39.52,"3492",2014-01-14,"L7814",NA,NA,NA,NA
"252",2014-01-14 08:20:00,"Kronos Mart",58.85,"6899",2014-01-14,"L6267",NA,NA,NA,NA
"253",2014-01-14 11:01:00,"Stewart and Sons Fabrication",600.19,"3506",2014-01-14,"L7761","Stewart and Sons Fabrication",540.19,2014-01-14,"L7761"
"254",2014-01-14 12:00:00,"Bean There Done That",14.56,"1877",2014-01-14,"L3014",NA,NA,NA,NA
"255",2014-01-14 12:00:00,"Bean There Done That",67.82,"1321",2014-01-14,"L4149","Bean There Done That",7.82,2014-01-14,"L4149"
"256",2014-01-14 12:00:00,"Jack's Magical Beans",63.36,"9241",2014-01-14,"L3288","Jack's Magical Beans",3.36,2014-01-14,"L3288"
"257",2014-01-14 12:00:00,"Jack's Magical Beans",95.7,"8156",2014-01-14,"L5224","Jack's Magical Beans",15.7,2014-01-14,"L5224"
"258",2014-01-14 13:00:00,"Nationwide Refinery",1341.01,"3506",2014-01-14,"L7761","Nationwide Refinery",1301.01,2014-01-14,"L7761"
"259",2014-01-14 13:06:00,"Abila Airport",3379.21,"2276",2014-01-14,"L3317","Abila Airport",3339.21,2014-01-14,"L3317"
"260",2014-01-14 13:21:00,"Katerina's Cafe",34.45,"7792",2014-01-14,"L5756",NA,NA,NA,NA
"261",2014-01-14 13:25:00,"Hippokampos",23.69,"7688",2014-01-14,"L4164",NA,NA,NA,NA
"262",2014-01-14 13:32:00,"Gelatogalore",32.82,"2142",2014-01-14,"L9637",NA,NA,NA,NA
"263",2014-01-14 13:36:00,"Guy's Gyros",13.27,"1415",2014-01-14,"L7783",NA,NA,NA,NA
"264",2014-01-14 13:40:00,"Ouzeri Elian",107.32,"3484",2014-01-14,"L2490","Ouzeri Elian",27.32,2014-01-14,"L2490"
"265",2014-01-14 13:41:00,"Ouzeri Elian",79.58,"6899",2014-01-14,"L6267",NA,NA,NA,NA
"266",2014-01-14 13:41:00,"Katerina's Cafe",75.46,"3547",2014-01-14,"L9362","Katerina's Cafe",15.46,2014-01-14,"L9362"
"267",2014-01-14 13:42:00,"Hippokampos",98.81,"7889",2014-01-14,"L6119","Hippokampos",18.81,2014-01-14,"L6119"
"268",2014-01-14 13:49:00,"Gelatogalore",70.98,"1877",2014-01-14,"L3014","Gelatogalore",10.98,2014-01-14,"L3014"
"269",2014-01-14 13:51:00,"Ouzeri Elian",62.3,"7108",2014-01-14,"L6544","Ouzeri Elian",22.3,2014-01-14,"L6544"
"270",2014-01-14 14:03:00,"Gelatogalore",102.03,"8129",2014-01-14,"L8328","Gelatogalore",22.03,2014-01-14,"L8328"
"271",2014-01-14 14:21:00,"Carlyle Chemical Inc.",854.88,"7792",2014-01-14,"L5756","Carlyle Chemical Inc.",794.88,2014-01-14,"L5756"
"272",2014-01-14 15:32:00,"Abila Airport",4918.39,"8642",2014-01-14,"L2769","Abila Airport",4898.39,2014-01-14,"L2769"
"273",2014-01-14 15:49:00,"Octavio's Office Supplies",131.73,"6816",2014-01-14,"L8148",NA,NA,NA,NA
"274",2014-01-14 19:59:00,"Guy's Gyros",94.26,"7108",2014-01-14,"L6544","Guy's Gyros",34.26,2014-01-14,"L6544"
"275",2014-01-14 20:09:00,"Katerina's Cafe",91.8,"7889",2014-01-14,"L6119","Katerina's Cafe",31.8,2014-01-14,"L6119"
"276",2014-01-14 20:15:00,"Katerina's Cafe",27.67,"8129",2014-01-14,"L8328",NA,NA,NA,NA
"277",2014-01-14 20:15:00,"Guy's Gyros",18.11,"6816",2014-01-14,"L8148",NA,NA,NA,NA
"278",2014-01-14 20:25:00,"Guy's Gyros",10.85,"3853",2014-01-14,"L1485",NA,NA,NA,NA
"279",2014-01-14 20:41:00,"Ouzeri Elian",24.06,"9241",2014-01-14,"L3288",NA,NA,NA,NA
"280",2014-01-14 20:42:00,"Katerina's Cafe",46.61,"8202",2014-01-14,"L2343","Katerina's Cafe",26.61,2014-01-14,"L2343"
"281",2014-01-14 20:46:00,"Ouzeri Elian",80.95,"2681",2014-01-14,"L1107","Ouzeri Elian",20.95,2014-01-14,"L1107"
"282",2014-01-14 20:48:00,"Hippokampos",43.56,"8332",2014-01-14,"L2070","Hippokampos",23.56,2014-01-14,"L2070"
"283",2014-01-14 21:04:00,"Hippokampos",28.45,"6895",2014-01-14,"L3366",NA,NA,NA,NA
"284",2014-01-14 21:14:00,"Roberts and Sons",223.81,"9405",2014-01-14,"L3259","Roberts and Sons",203.81,2014-01-14,"L3259"
"285",2014-01-15 07:33:00,"Hallowed Grounds",11.98,"7889",2014-01-15,"L6119",NA,NA,NA,NA
"286",2014-01-15 07:39:00,"Hallowed Grounds",5.95,"8129",2014-01-15,"L8328",NA,NA,NA,NA
"287",2014-01-15 07:50:00,"Brew've Been Served",19.24,"7354",2014-01-15,"L9254",NA,NA,NA,NA
"288",2014-01-15 07:51:00,"Hallowed Grounds",78.69,"6691",2014-01-15,"L6267","Hallowed Grounds",18.69,2014-01-15,"L6267"
"289",2014-01-15 08:00:00,"Hallowed Grounds",15.27,"1310",2014-01-15,"L8012",NA,NA,NA,NA
"290",2014-01-15 08:01:00,"Brew've Been Served",49.7,"4434",2014-01-15,"L2169","Brew've Been Served",9.7,2014-01-15,"L2169"
"291",2014-01-15 08:05:00,"Coffee Cameleon",56.31,"2418",2014-01-15,"L9018","Coffee Cameleon",16.31,2014-01-15,"L9018"
"292",2014-01-15 08:05:00,"Brew've Been Served",12.39,"5407",2014-01-15,"L4034",NA,NA,NA,NA
"293",2014-01-15 10:00:00,"Nationwide Refinery",1903.77,"9152",2014-01-15,"L5485",NA,NA,NA,NA
"294",2014-01-15 11:18:00,"Stewart and Sons Fabrication",4545.38,"9152",2014-01-15,"L5485","Stewart and Sons Fabrication",4485.38,2014-01-15,"L5485"
"295",2014-01-15 11:44:00,"Stewart and Sons Fabrication",4740.68,"9735",2014-01-15,"L9633",NA,NA,NA,NA
"296",2014-01-15 12:00:00,"Jack's Magical Beans",11.15,"6899",2014-01-15,"L6267",NA,NA,NA,NA
"297",2014-01-15 12:00:00,"Brewed Awakenings",91.62,"2540",2014-01-15,"L5947","Brewed Awakenings",11.62,2014-01-15,"L5947"
"298",2014-01-15 12:00:00,"Bean There Done That",93.13,"1877",2014-01-15,"L3014","Bean There Done That",13.13,2014-01-15,"L3014"
"299",2014-01-15 12:00:00,"Jack's Magical Beans",84.06,"8156",2014-01-15,"L5224","Jack's Magical Beans",4.06,2014-01-15,"L5224"
"300",2014-01-15 13:12:00,"Hippokampos",118.89,"9683",2014-01-15,"L7291","Hippokampos",38.89,2014-01-15,"L7291"
"301",2014-01-15 13:17:00,"Katerina's Cafe",88.56,"2418",2014-01-15,"L9018","Katerina's Cafe",28.56,2014-01-15,"L9018"
"302",2014-01-15 13:39:00,"Hippokampos",8.75,"9405",2014-01-15,"L3259",NA,NA,NA,NA
"303",2014-01-15 13:41:00,"Hippokampos",82.61,"2540",2014-01-15,"L5947","Hippokampos",22.61,2014-01-15,"L5947"
"304",2014-01-15 13:41:00,"Guy's Gyros",49.34,"7354",2014-01-15,"L9254","Guy's Gyros",29.34,2014-01-15,"L9254"
"305",2014-01-15 13:45:00,"Abila Zacharo",88.83,"9635",2014-01-15,"L3191","Abila Zacharo",8.83,2014-01-15,"L3191"
"306",2014-01-15 13:45:00,"Kalami Kafenion",47.86,"6895",2014-01-15,"L3366","Kalami Kafenion",27.86,2014-01-15,"L3366"
"307",2014-01-15 13:47:00,"Abila Zacharo",20.44,"7384",2014-01-15,"L3800",NA,NA,NA,NA
"308",2014-01-15 13:59:00,"Gelatogalore",42.36,"2681",2014-01-15,"L1107","Gelatogalore",22.36,2014-01-15,"L1107"
"309",2014-01-15 14:02:00,"Hippokampos",118.23,"4434",2014-01-15,"L2169","Hippokampos",38.23,2014-01-15,"L2169"
"310",2014-01-15 14:04:00,"Abila Zacharo",46.82,"4948",2014-01-15,"L9406","Abila Zacharo",26.82,2014-01-15,"L9406"
"311",2014-01-15 19:53:00,"Guy's Gyros",98.04,"3484",2014-01-15,"L2490","Guy's Gyros",18.04,2014-01-15,"L2490"
"312",2014-01-15 19:55:00,"Hippokampos",13.02,"1415",2014-01-15,"L7783",NA,NA,NA,NA
"313",2014-01-15 19:56:00,"General Grocer",126.2,"7819",2014-01-15,"L5259","General Grocer",106.2,2014-01-15,"L5259"
"314",2014-01-15 19:59:00,"Katerina's Cafe",25.08,"8129",2014-01-15,"L8328",NA,NA,NA,NA
"315",2014-01-15 20:00:00,"Katerina's Cafe",29.84,"2142",2014-01-15,"L9637",NA,NA,NA,NA
"316",2014-01-15 20:06:00,"Guy's Gyros",44.91,"5368",2014-01-15,"L2247","Guy's Gyros",24.91,2014-01-15,"L2247"
"317",2014-01-15 20:10:00,"Shoppers' Delight",162,"8332",2014-01-15,"L2070","Shoppers' Delight",102,2014-01-15,"L2070"
"318",2014-01-15 20:16:00,"Hippokampos",11.8,"7688",2014-01-15,"L4164",NA,NA,NA,NA
"319",2014-01-15 20:26:00,"Katerina's Cafe",61.61,"8202",2014-01-15,"L2343","Katerina's Cafe",21.61,2014-01-15,"L2343"
"320",2014-01-15 20:33:00,"Frydos Autosupply n' More",18.66,"1874",2014-01-15,"L4424",NA,NA,NA,NA
"321",2014-01-15 20:59:00,"Guy's Gyros",61.43,"3853",2014-01-15,"L1485","Guy's Gyros",21.43,2014-01-15,"L1485"
"322",2014-01-15 21:08:00,"Hippokampos",101.14,"6895",2014-01-15,"L3366","Hippokampos",21.14,2014-01-15,"L3366"
"323",2014-01-16 07:30:00,"Kronos Mart",298.83,"7108",2014-01-16,"L6544",NA,NA,NA,NA
"324",2014-01-16 07:33:00,"Brew've Been Served",25.05,"5368",2014-01-16,"L2247","Brew've Been Served",5.05,2014-01-16,"L2247"
"325",2014-01-16 07:38:00,"Coffee Cameleon",67.19,"3547",2014-01-16,"L9362","Coffee Cameleon",7.19,2014-01-16,"L9362"
"326",2014-01-16 07:51:00,"Hallowed Grounds",44.98,"9617",2014-01-16,"L5553","Hallowed Grounds",4.98,2014-01-16,"L5553"
"327",2014-01-16 07:51:00,"Hallowed Grounds",9.6,"1310",2014-01-16,"L8012",NA,NA,NA,NA
"328",2014-01-16 07:54:00,"Brew've Been Served",83.84,"4948",2014-01-16,"L9406","Brew've Been Served",3.84,2014-01-16,"L9406"
"329",2014-01-16 07:56:00,"Brew've Been Served",4.33,"9683",2014-01-16,"L7291",NA,NA,NA,NA
"330",2014-01-16 08:03:00,"Coffee Cameleon",63.14,"2418",2014-01-16,"L9018","Coffee Cameleon",3.14,2014-01-16,"L9018"
"331",2014-01-16 08:03:00,"Hallowed Grounds",72.61,"9405",2014-01-16,"L3259","Hallowed Grounds",12.61,2014-01-16,"L3259"
"332",2014-01-16 08:03:00,"Brew've Been Served",16.67,"6901",2014-01-16,"L9363",NA,NA,NA,NA
"333",2014-01-16 08:08:00,"Brew've Been Served",90.33,"8202",2014-01-16,"L2343",NA,NA,NA,NA
"334",2014-01-16 11:06:00,"Stewart and Sons Fabrication",940.3,"3506",2014-01-16,"L7761","Stewart and Sons Fabrication",860.3,2014-01-16,"L7761"
"335",2014-01-16 12:00:00,"Brewed Awakenings",17.91,"7688",2014-01-16,"L4164",NA,NA,NA,NA
"336",2014-01-16 12:00:00,"Bean There Done That",98.34,"1321",2014-01-16,"L4149",NA,NA,NA,NA
"337",2014-01-16 13:22:00,"Hippokampos",26.15,"8156",2014-01-16,"L5224",NA,NA,NA,NA
"338",2014-01-16 13:39:00,"Abila Zacharo",69.27,"4795",2014-01-16,"L8566",NA,NA,NA,NA
"339",2014-01-16 13:45:00,"Ouzeri Elian",18.27,"2142",2014-01-16,"L9637",NA,NA,NA,NA
"340",2014-01-16 13:47:00,"Abila Zacharo",36.02,"7108",2014-01-16,"L6544",NA,NA,NA,NA
"341",2014-01-16 13:48:00,"Kalami Kafenion",91.38,"9635",2014-01-16,"L3191","Kalami Kafenion",31.38,2014-01-16,"L3191"
"342",2014-01-16 13:54:00,"Hippokampos",8.07,"1310",2014-01-16,"L8012",NA,NA,NA,NA
"343",2014-01-16 13:55:00,"Hippokampos",30.02,"8411",2014-01-16,"L6110",NA,NA,NA,NA
"344",2014-01-16 18:49:00,"Katerina's Cafe",93.68,"8411",2014-01-16,"L6110","Katerina's Cafe",13.68,2014-01-16,"L6110"
"345",2014-01-16 19:47:00,"Katerina's Cafe",34.34,"3547",2014-01-16,"L9362","Katerina's Cafe",14.34,2014-01-16,"L9362"
"346",2014-01-16 20:05:00,"Katerina's Cafe",69.3,"5407",2014-01-16,"L4034","Katerina's Cafe",29.3,2014-01-16,"L4034"
"347",2014-01-16 20:14:00,"Guy's Gyros",111.31,"9683",2014-01-16,"L7291","Guy's Gyros",31.31,2014-01-16,"L7291"
"348",2014-01-16 20:17:00,"Guy's Gyros",25.78,"3853",2014-01-16,"L1485",NA,NA,NA,NA
"349",2014-01-16 20:28:00,"Katerina's Cafe",30.84,"9405",2014-01-16,"L3259","Katerina's Cafe",10.84,2014-01-16,"L3259"
"350",2014-01-16 20:42:00,"Hippokampos",114,"6895",2014-01-16,"L3366","Hippokampos",34,2014-01-16,"L3366"
"351",2014-01-16 20:43:00,"Hippokampos",27.74,"2463",2014-01-16,"L6886",NA,NA,NA,NA
"352",2014-01-16 20:45:00,"Shoppers' Delight",160.69,"1877",2014-01-16,"L3014","Shoppers' Delight",100.69,2014-01-16,"L3014"
"353",2014-01-16 20:58:00,"Hippokampos",12.47,"8332",2014-01-16,"L2070",NA,NA,NA,NA
"354",2014-01-17 07:29:00,"Brew've Been Served",52.56,"7384",2014-01-17,"L3800","Brew've Been Served",12.56,2014-01-17,"L3800"
"355",2014-01-17 07:41:00,"Hallowed Grounds",10.52,"8129",2014-01-17,"L8328",NA,NA,NA,NA
"356",2014-01-17 08:03:00,"Hallowed Grounds",38.22,"3492",2014-01-17,"L7814","Hallowed Grounds",18.22,2014-01-17,"L7814"
"357",2014-01-17 08:08:00,"Kronos Mart",286.24,"1415",2014-01-17,"L7783",NA,NA,NA,NA
"358",2014-01-17 08:09:00,"Brew've Been Served",9.3,"8202",2014-01-17,"L2343",NA,NA,NA,NA
"359",2014-01-17 08:12:00,"Hallowed Grounds",6.39,"2681",2014-01-17,"L1107",NA,NA,NA,NA
"360",2014-01-17 08:13:00,"Coffee Cameleon",14.99,"4434",2014-01-17,"L2169",NA,NA,NA,NA
"361",2014-01-17 08:23:00,"Brew've Been Served",51.04,"1286",2014-01-17,NA,NA,NA,NA,NA
"362",2014-01-17 12:00:00,"Brewed Awakenings",88.69,"2540",2014-01-17,"L5947","Brewed Awakenings",8.69,2014-01-17,"L5947"
"363",2014-01-17 13:11:00,"Abila Zacharo",68.78,"8332",2014-01-17,"L2070","Abila Zacharo",8.78,2014-01-17,"L2070"
"364",2014-01-17 13:37:00,"Kalami Kafenion",105.32,"2463",2014-01-17,"L6886","Kalami Kafenion",25.32,2014-01-17,"L6886"
"365",2014-01-17 13:38:00,"Ouzeri Elian",14.01,"1415",2014-01-17,"L7783",NA,NA,NA,NA
"366",2014-01-17 13:38:00,"Kalami Kafenion",39.43,"5407",2014-01-17,"L4034",NA,NA,NA,NA
"367",2014-01-17 13:39:00,"Kalami Kafenion",27.7,"9405",2014-01-17,"L3259",NA,NA,NA,NA
"368",2014-01-17 13:40:00,"Gelatogalore",37.3,"1310",2014-01-17,"L8012",NA,NA,NA,NA
"369",2014-01-17 13:45:00,"Abila Zacharo",79.67,"7354",2014-01-17,"L9254","Abila Zacharo",39.67,2014-01-17,"L9254"
"370",2014-01-17 13:52:00,"Hippokampos",108.35,"9617",2014-01-17,"L5553","Hippokampos",28.35,2014-01-17,"L5553"
"371",2014-01-17 13:54:00,"Chostus Hotel",159.62,"2540",2014-01-17,"L5947","Chostus Hotel",119.62,2014-01-17,"L5947"
"372",2014-01-17 13:55:00,"Guy's Gyros",32.31,"6901",2014-01-17,"L9363",NA,NA,NA,NA
"373",2014-01-17 13:58:00,"Hippokampos",21.81,"1877",2014-01-17,"L3014","Hippokampos",10.14,2014-01-17,"L3014"
"374",2014-01-17 14:06:00,"Abila Zacharo",51.95,"5368",2014-01-17,"L2247","Abila Zacharo",11.95,2014-01-17,"L2247"
"375",2014-01-17 14:15:00,"Katerina's Cafe",70.72,"4948",2014-01-17,"L9406","Katerina's Cafe",30.72,2014-01-17,"L9406"
"376",2014-01-17 19:57:00,"Katerina's Cafe",34.93,"8129",2014-01-17,"L8328","Katerina's Cafe",14.93,2014-01-17,"L8328"
"377",2014-01-17 20:07:00,"Ouzeri Elian",70.21,"9241",2014-01-17,"L3288","Ouzeri Elian",10.21,2014-01-17,"L3288"
"378",2014-01-17 20:21:00,"Shoppers' Delight",289.33,"1286",2014-01-17,NA,NA,NA,NA,NA
"379",2014-01-17 20:24:00,"Katerina's Cafe",72.13,"7889",2014-01-17,"L6119","Katerina's Cafe",32.13,2014-01-17,"L6119"
"380",2014-01-17 20:41:00,"General Grocer",98.03,"7108",2014-01-17,"L6544","General Grocer",78.03,2014-01-17,"L6544"
"381",2014-01-17 20:41:00,"Frydos Autosupply n' More",260.08,"7354",2014-01-17,"L9254",NA,NA,NA,NA
"382",2014-01-17 21:07:00,"Guy's Gyros",55.4,"4434",2014-01-17,"L2169","Guy's Gyros",15.4,2014-01-17,"L2169"
"383",2014-01-18 13:05:00,"Abila Zacharo",25.59,"2540",2014-01-18,"L5947",NA,NA,NA,NA
"384",2014-01-18 13:21:00,"Hippokampos",100.11,"1877",2014-01-18,"L3014","Hippokampos",20.11,2014-01-18,"L3014"
"385",2014-01-18 13:27:00,"Guy's Gyros",55.21,"7384",2014-01-18,"L3800","Guy's Gyros",31.48,2014-01-18,"L3800"
"386",2014-01-18 13:34:00,"Ouzeri Elian",25.75,"3547",2014-01-18,"L9362",NA,NA,NA,NA
"387",2014-01-18 13:58:00,"Gelatogalore",84.38,"2681",2014-01-18,"L1107","Gelatogalore",24.38,2014-01-18,"L1107"
"388",2014-01-18 14:06:00,"Katerina's Cafe",24.14,"7819",2014-01-18,"L5259",NA,NA,NA,NA
"389",2014-01-18 15:32:00,"Frydos Autosupply n' More",361.54,"1874",2014-01-18,"L4424","Frydos Autosupply n' More",281.54,2014-01-18,"L4424"
"390",2014-01-18 19:17:00,"Katerina's Cafe",21.63,"8129",2014-01-18,"L8328",NA,NA,NA,NA
"391",2014-01-18 19:21:00,"Hippokampos",21.34,"1321",2014-01-18,"L4149",NA,NA,NA,NA
"392",2014-01-18 19:26:00,"Ouzeri Elian",61.56,"9551",2014-01-18,"L5777","Ouzeri Elian",21.56,2014-01-18,"L5777"
"393",2014-01-18 19:36:00,"Katerina's Cafe",35.79,"6691",2014-01-18,"L6267",NA,NA,NA,NA
"394",2014-01-18 19:39:00,"Kalami Kafenion",71.14,"9635",2014-01-18,"L3191","Kalami Kafenion",11.14,2014-01-18,"L3191"
"395",2014-01-18 19:39:00,"Guy's Gyros",78.36,"6816",2014-01-18,"L8148",NA,NA,NA,NA
"396",2014-01-18 19:46:00,"Roberts and Sons",125.35,"7688",2014-01-18,"L4164",NA,NA,NA,NA
"397",2014-01-18 19:46:00,"Katerina's Cafe",11.19,"8202",2014-01-18,"L2343",NA,NA,NA,NA
"398",2014-01-18 19:47:00,"Katerina's Cafe",16.48,"4948",2014-01-18,"L9406",NA,NA,NA,NA
"399",2014-01-18 20:01:00,"Katerina's Cafe",17.37,"9405",2014-01-18,"L3259",NA,NA,NA,NA
"400",2014-01-18 20:23:00,"Hippokampos",29.21,"1877",2014-01-18,"L3014","Hippokampos",20.11,2014-01-18,"L3014"
"401",2014-01-19 03:13:00,"Kronos Mart",87.66,"3484",2014-01-19,"L2490",NA,NA,NA,NA
"402",2014-01-19 03:45:00,"Kronos Mart",194.51,"9551",2014-01-19,"L5777",NA,NA,NA,NA
"403",2014-01-19 03:48:00,"Kronos Mart",150.36,"8332",2014-01-19,"L2070",NA,NA,NA,NA
"404",2014-01-19 13:33:00,"Hippokampos",64.37,"2142",2014-01-19,"L9637",NA,NA,NA,NA
"405",2014-01-19 14:01:00,"Katerina's Cafe",12.78,"1310",2014-01-19,"L8012",NA,NA,NA,NA
"406",2014-01-19 14:20:00,"Katerina's Cafe",54.2,"3492",2014-01-19,"L7814",NA,NA,NA,NA
"407",2014-01-19 18:54:00,"Katerina's Cafe",72.25,"3547",2014-01-19,"L9362","Katerina's Cafe",12.25,2014-01-19,"L9362"
"408",2014-01-19 19:44:00,"Hippokampos",88.27,"1321",2014-01-19,"L4149",NA,NA,NA,NA
"409",2014-01-19 19:49:00,"Ouzeri Elian",32.77,"9551",2014-01-19,"L5777",NA,NA,NA,NA
"410",2014-01-19 19:49:00,"Guy's Gyros",100.36,"6816",2014-01-19,"L8148","Guy's Gyros",40.36,2014-01-19,"L8148"
